plot,FT,subunit,tree,stem,family,spp,WD,D,H
192,FOM,S,1,1,Clethraceae,Clethra uleana,375.8,17.51,4.0
192,FOM,N,1,1,Dicksoniaceae,Dicksonia sellowiana,0.0,28.65,3.0
192,FOM,N,2,1,Solanaceae,Solanum pabstii,431.9,10.82,5.0
192,FOM,S,2,1,Dicksoniaceae,Dicksonia sellowiana,0.0,24.19,2.0
192,FOM,N,3,1,Dicksoniaceae,Dicksonia sellowiana,0.0,21.01,2.0
192,FOM,S,3,1,Dicksoniaceae,Dicksonia sellowiana,0.0,11.46,1.5
192,FOM,S,4,1,Dicksoniaceae,Dicksonia sellowiana,0.0,25.46,2.0
192,FOM,N,4,1,Dicksoniaceae,Dicksonia sellowiana,0.0,22.28,2.0
192,FOM,S,5,1,Dicksoniaceae,Dicksonia sellowiana,0.0,24.51,1.5
192,FOM,N,5,1,Dicksoniaceae,Dicksonia sellowiana,0.0,31.51,3.0
192,FOM,N,6,1,Dicksoniaceae,Dicksonia sellowiana,0.0,31.51,3.0
192,FOM,S,6,1,Dicksoniaceae,Dicksonia sellowiana,0.0,21.96,1.5
192,FOM,S,7,1,Dicksoniaceae,Dicksonia sellowiana,0.0,21.65,1.8
192,FOM,N,7,1,Dicksoniaceae,Dicksonia sellowiana,0.0,28.01,2.0
192,FOM,N,8,1,Dicksoniaceae,Dicksonia sellowiana,0.0,29.28,3.0
192,FOM,S,8,1,Clethraceae,Clethra uleana,375.8,15.92,5.0
192,FOM,N,9,1,Dicksoniaceae,Dicksonia sellowiana,0.0,29.28,2.0
192,FOM,S,9,1,Dicksoniaceae,Dicksonia sellowiana,0.0,32.79,4.0
192,FOM,S,10,1,Clethraceae,Clethra uleana,375.8,21.96,6.0
192,FOM,N,10,1,Dicksoniaceae,Dicksonia sellowiana,0.0,32.47,4.0
192,FOM,N,11,1,Dicksoniaceae,Dicksonia sellowiana,0.0,33.74,4.0
192,FOM,S,11,1,Dicksoniaceae,Dicksonia sellowiana,0.0,18.14,2.0
192,FOM,N,12,1,Dicksoniaceae,Dicksonia sellowiana,0.0,22.92,2.0
192,FOM,S,12,1,Dicksoniaceae,Dicksonia sellowiana,0.0,18.46,2.0
192,FOM,S,13,1,Cunoniaceae,Weinmannia humilis,474.1,25.46,7.0
192,FOM,N,13,1,Dicksoniaceae,Dicksonia sellowiana,0.0,25.78,2.5
192,FOM,S,13,2,Cunoniaceae,Weinmannia humilis,474.1,20.37,7.0
192,FOM,S,14,1,morta,morta,0.0,29.92,2.0
192,FOM,N,14,1,Dicksoniaceae,Dicksonia sellowiana,0.0,24.83,3.0
192,FOM,N,15,1,Dicksoniaceae,Dicksonia sellowiana,0.0,24.51,2.0
192,FOM,S,15,1,Dicksoniaceae,Dicksonia sellowiana,0.0,22.92,2.0
192,FOM,S,16,1,Dicksoniaceae,Dicksonia sellowiana,0.0,26.10,4.0
192,FOM,N,16,1,Dicksoniaceae,Dicksonia sellowiana,0.0,27.06,2.0
192,FOM,N,17,1,Clethraceae,Clethra uleana,375.8,18.14,2.0
192,FOM,S,17,1,Dicksoniaceae,Dicksonia sellowiana,0.0,26.10,1.4
192,FOM,S,18,1,Dicksoniaceae,Dicksonia sellowiana,0.0,26.42,1.4
192,FOM,N,18,1,Winteraceae,Drimys angustifolia,377.1,19.74,2.5
192,FOM,N,19,1,Clethraceae,Clethra uleana,375.8,20.05,3.0
192,FOM,S,19,1,Primulaceae,Myrsine coriacea,513.6,23.55,4.0
192,FOM,S,20,1,Dicksoniaceae,Dicksonia sellowiana,0.0,20.69,2.5
192,FOM,N,20,1,Winteraceae,Drimys angustifolia,377.1,21.33,3.0
192,FOM,S,21,1,Dicksoniaceae,Dicksonia sellowiana,0.0,26.10,4.0
192,FOM,N,21,1,Dicksoniaceae,Dicksonia sellowiana,0.0,22.60,2.0
192,FOM,N,21,2,Dicksoniaceae,Dicksonia sellowiana,0.0,22.60,2.0
192,FOM,S,22,1,Dicksoniaceae,Dicksonia sellowiana,0.0,23.24,1.5
192,FOM,N,22,1,Dicksoniaceae,Dicksonia sellowiana,0.0,22.92,2.5
192,FOM,S,23,1,Dicksoniaceae,Dicksonia sellowiana,0.0,32.79,4.0
192,FOM,N,23,1,Winteraceae,Drimys angustifolia,377.1,24.83,4.0
192,FOM,S,24,1,Lauraceae,Persea,465.1,9.87,5.0
192,FOM,N,24,1,Clethraceae,Clethra uleana,375.8,11.46,3.0
192,FOM,S,25,1,Dicksoniaceae,Dicksonia sellowiana,0.0,21.33,2.0
192,FOM,N,25,1,Dicksoniaceae,Dicksonia sellowiana,0.0,22.60,2.0
192,FOM,S,26,1,Dicksoniaceae,Dicksonia sellowiana,0.0,26.42,3.0
192,FOM,N,26,1,Clethraceae,Clethra uleana,375.8,13.37,4.0
192,FOM,N,27,1,Winteraceae,Drimys angustifolia,377.1,18.14,5.0
192,FOM,S,27,1,Dicksoniaceae,Dicksonia sellowiana,0.0,21.96,2.5
192,FOM,N,28,1,Dicksoniaceae,Dicksonia sellowiana,0.0,20.05,1.8
192,FOM,S,28,1,Dicksoniaceae,Dicksonia sellowiana,0.0,35.97,1.5
192,FOM,S,29,1,Dicksoniaceae,Dicksonia sellowiana,0.0,19.10,1.3
192,FOM,N,29,1,Dicksoniaceae,Dicksonia sellowiana,0.0,29.28,4.0
192,FOM,S,30,1,Dicksoniaceae,Dicksonia sellowiana,0.0,32.79,4.0
192,FOM,N,30,1,Dicksoniaceae,Dicksonia sellowiana,0.0,24.83,3.0
192,FOM,N,31,1,Clethraceae,Clethra uleana,375.8,14.01,3.0
192,FOM,S,31,1,Dicksoniaceae,Dicksonia sellowiana,0.0,21.65,2.0
192,FOM,N,31,2,Clethraceae,Clethra uleana,375.8,10.19,2.0
192,FOM,N,32,1,Dicksoniaceae,Dicksonia sellowiana,0.0,22.28,3.0
192,FOM,S,32,1,Clethraceae,Clethra uleana,375.8,19.74,4.0
192,FOM,S,33,1,Dicksoniaceae,Dicksonia sellowiana,0.0,32.47,1.6
192,FOM,N,33,1,Dicksoniaceae,Dicksonia sellowiana,0.0,21.65,3.5
192,FOM,N,34,1,Dicksoniaceae,Dicksonia sellowiana,0.0,24.51,2.0
192,FOM,S,34,1,morta,morta,0.0,22.92,1.6
192,FOM,N,35,1,Dicksoniaceae,Dicksonia sellowiana,0.0,23.55,2.5
192,FOM,S,35,1,Dicksoniaceae,Dicksonia sellowiana,0.0,31.83,3.3
192,FOM,S,36,1,Dicksoniaceae,Dicksonia sellowiana,0.0,27.69,3.0
192,FOM,N,36,1,Dicksoniaceae,Dicksonia sellowiana,0.0,23.55,3.0
192,FOM,N,37,1,Clethraceae,Clethra uleana,375.8,11.46,4.0
192,FOM,S,37,1,Dicksoniaceae,Dicksonia sellowiana,0.0,22.60,3.0
192,FOM,N,38,1,Dicksoniaceae,Dicksonia sellowiana,0.0,20.05,2.0
192,FOM,S,38,1,morta,morta,0.0,24.83,2.1
192,FOM,S,39,1,Dicksoniaceae,Dicksonia sellowiana,0.0,23.87,3.0
192,FOM,N,39,1,Dicksoniaceae,Dicksonia sellowiana,0.0,24.51,3.0
192,FOM,N,40,1,Dicksoniaceae,Dicksonia sellowiana,0.0,29.92,3.5
192,FOM,S,40,1,Winteraceae,Drimys angustifolia,377.1,14.01,3.0
192,FOM,N,41,1,Winteraceae,Drimys angustifolia,377.1,32.47,5.0
192,FOM,S,41,1,Dicksoniaceae,Dicksonia sellowiana,0.0,24.19,1.5
192,FOM,N,42,1,Clethraceae,Clethra uleana,375.8,13.37,5.0
192,FOM,S,42,1,morta,morta,0.0,21.33,1.5
192,FOM,N,43,1,Winteraceae,Drimys angustifolia,377.1,22.92,5.0
192,FOM,S,43,1,Araucariaceae,Araucaria angustifolia,480.0,77.99,27.0
192,FOM,N,44,1,Dicksoniaceae,Dicksonia sellowiana,0.0,25.46,3.0
192,FOM,S,44,1,Winteraceae,Drimys angustifolia,377.1,14.64,5.0
192,FOM,S,44,2,Winteraceae,Drimys angustifolia,377.1,22.92,6.0
192,FOM,S,45,1,Winteraceae,Drimys angustifolia,377.1,15.92,4.0
192,FOM,N,45,1,Clethraceae,Clethra uleana,375.8,14.32,4.0
192,FOM,S,45,2,Winteraceae,Drimys angustifolia,377.1,11.78,4.0
192,FOM,S,46,1,Dicksoniaceae,Dicksonia sellowiana,0.0,29.92,3.0
192,FOM,N,46,1,Dicksoniaceae,Dicksonia sellowiana,0.0,29.28,5.0
192,FOM,S,47,1,morta,morta,0.0,27.69,2.0
192,FOM,N,47,1,Clethraceae,Clethra uleana,375.8,16.87,6.0
192,FOM,N,47,2,Clethraceae,Clethra uleana,375.8,18.46,5.0
192,FOM,S,47,2,morta,morta,0.0,27.37,2.0
192,FOM,S,48,1,Dicksoniaceae,Dicksonia sellowiana,0.0,27.06,1.7
192,FOM,N,48,1,Dicksoniaceae,Dicksonia sellowiana,0.0,24.83,4.0
192,FOM,N,48,2,Dicksoniaceae,Dicksonia sellowiana,0.0,21.65,4.0
192,FOM,N,49,1,Dicksoniaceae,Dicksonia sellowiana,0.0,28.65,2.0
192,FOM,S,49,1,Winteraceae,Drimys angustifolia,377.1,21.01,5.0
192,FOM,S,49,2,Winteraceae,Drimys angustifolia,377.1,15.28,5.0
192,FOM,S,50,1,Dicksoniaceae,Dicksonia sellowiana,0.0,29.92,3.0
192,FOM,N,50,1,Dicksoniaceae,Dicksonia sellowiana,0.0,34.70,3.0
192,FOM,N,51,1,Dicksoniaceae,Dicksonia sellowiana,0.0,30.56,4.0
192,FOM,S,51,1,Dicksoniaceae,Dicksonia sellowiana,0.0,27.37,2.0
192,FOM,N,52,1,Dicksoniaceae,Dicksonia sellowiana,0.0,24.19,2.0
192,FOM,S,52,1,Winteraceae,Drimys angustifolia,377.1,11.46,3.0
192,FOM,S,53,1,Dicksoniaceae,Dicksonia sellowiana,0.0,35.33,5.0
192,FOM,N,53,1,Dicksoniaceae,Dicksonia sellowiana,0.0,30.56,3.0
192,FOM,N,54,1,Dicksoniaceae,Dicksonia sellowiana,0.0,15.60,1.5
192,FOM,S,54,1,Dicksoniaceae,Dicksonia sellowiana,0.0,35.01,3.0
192,FOM,N,55,1,Dicksoniaceae,Dicksonia sellowiana,0.0,30.24,2.5
192,FOM,S,55,1,Lauraceae,Persea,465.1,16.55,5.0
192,FOM,S,56,1,Winteraceae,Drimys angustifolia,377.1,17.19,4.0
192,FOM,N,56,1,Dicksoniaceae,Dicksonia sellowiana,0.0,24.19,5.0
192,FOM,N,57,1,Dicksoniaceae,Dicksonia sellowiana,0.0,17.51,1.8
192,FOM,S,57,1,Dicksoniaceae,Dicksonia sellowiana,0.0,18.14,1.8
192,FOM,S,58,1,Dicksoniaceae,Dicksonia sellowiana,0.0,22.28,3.0
192,FOM,N,58,1,Dicksoniaceae,Dicksonia sellowiana,0.0,21.33,2.0
192,FOM,S,59,1,Dicksoniaceae,Dicksonia sellowiana,0.0,25.78,2.0
192,FOM,N,59,1,Dicksoniaceae,Dicksonia sellowiana,0.0,24.83,3.0
192,FOM,N,60,1,Clethraceae,Clethra uleana,375.8,9.87,4.0
192,FOM,S,60,1,Dicksoniaceae,Dicksonia sellowiana,0.0,31.19,3.0
192,FOM,S,61,1,Dicksoniaceae,Dicksonia sellowiana,0.0,20.37,1.5
192,FOM,N,61,1,Cunoniaceae,Weinmannia humilis,474.1,19.10,3.0
192,FOM,N,62,1,Dicksoniaceae,Dicksonia sellowiana,0.0,21.96,2.0
192,FOM,S,62,1,Winteraceae,Drimys angustifolia,377.1,21.65,5.0
192,FOM,S,63,1,Winteraceae,Drimys angustifolia,377.1,23.55,5.0
192,FOM,N,63,1,Dicksoniaceae,Dicksonia sellowiana,0.0,24.19,1.2
192,FOM,S,64,1,Winteraceae,Drimys angustifolia,377.1,14.64,4.0
192,FOM,N,64,1,Dicksoniaceae,Dicksonia sellowiana,0.0,30.24,3.5
192,FOM,N,65,1,Lauraceae,Aiouea amoena,466.2,24.19,5.0
192,FOM,S,65,1,Celastraceae,Maytenus boaria,575.9,10.50,4.0
192,FOM,N,66,1,Dicksoniaceae,Dicksonia sellowiana,0.0,24.19,3.0
192,FOM,S,66,1,Dicksoniaceae,Dicksonia sellowiana,0.0,25.78,3.0
192,FOM,N,67,1,Dicksoniaceae,Dicksonia sellowiana,0.0,25.15,3.0
192,FOM,S,67,1,Dicksoniaceae,Dicksonia sellowiana,0.0,32.79,4.0
192,FOM,S,68,1,Dicksoniaceae,Dicksonia sellowiana,0.0,24.83,3.0
192,FOM,N,68,1,Clethraceae,Clethra uleana,375.8,20.37,4.0
192,FOM,S,69,1,Winteraceae,Drimys angustifolia,377.1,30.24,10.0
192,FOM,N,69,1,Araucariaceae,Araucaria angustifolia,480.0,29.60,10.0
192,FOM,S,70,1,morta,morta,0.0,22.28,1.4
192,FOM,N,70,1,Dicksoniaceae,Dicksonia sellowiana,0.0,25.46,3.0
192,FOM,N,71,1,Clethraceae,Clethra uleana,375.8,17.51,4.0
192,FOM,S,71,1,Rosaceae,Prunus myrtifolia,619.1,12.41,5.0
192,FOM,N,72,1,Dicksoniaceae,Dicksonia sellowiana,0.0,27.06,2.5
192,FOM,S,72,1,morta,morta,0.0,22.92,1.5
192,FOM,S,73,1,morta,morta,0.0,23.87,25.0
192,FOM,N,73,1,Dicksoniaceae,Dicksonia sellowiana,0.0,23.55,3.0
192,FOM,S,74,1,Dicksoniaceae,Dicksonia sellowiana,0.0,21.65,1.5
192,FOM,N,74,1,Dicksoniaceae,Dicksonia sellowiana,0.0,22.28,3.0
192,FOM,N,75,1,Dicksoniaceae,Dicksonia sellowiana,0.0,20.05,2.5
192,FOM,S,75,1,morta,morta,0.0,21.01,2.0
192,FOM,S,76,1,Winteraceae,Drimys angustifolia,377.1,21.96,5.0
192,FOM,N,76,1,Winteraceae,Drimys angustifolia,377.1,18.14,5.0
192,FOM,S,77,1,Myrtaceae,Myrceugenia alpigena,468.2,12.41,4.0
192,FOM,N,77,1,Dicksoniaceae,Dicksonia sellowiana,0.0,24.83,3.0
192,FOM,S,78,1,Myrtaceae,Myrceugenia alpigena,468.2,13.37,3.0
192,FOM,N,78,1,Winteraceae,Drimys angustifolia,377.1,13.37,4.0
192,FOM,N,79,1,Dicksoniaceae,Dicksonia sellowiana,0.0,21.96,3.0
192,FOM,S,79,1,Dicksoniaceae,Dicksonia sellowiana,0.0,44.88,5.0
192,FOM,N,80,1,Dicksoniaceae,Dicksonia sellowiana,0.0,25.15,4.0
192,FOM,S,80,1,Dicksoniaceae,Dicksonia sellowiana,0.0,22.28,1.4
192,FOM,S,81,1,Dicksoniaceae,Dicksonia sellowiana,0.0,24.83,3.0
192,FOM,N,81,1,Dicksoniaceae,Dicksonia sellowiana,0.0,16.87,1.7
192,FOM,N,82,1,Dicksoniaceae,Dicksonia sellowiana,0.0,20.05,1.8
192,FOM,S,82,1,Winteraceae,Drimys angustifolia,377.1,21.33,5.0
192,FOM,S,83,1,Dicksoniaceae,Dicksonia sellowiana,0.0,31.19,4.0
192,FOM,N,83,1,Dicksoniaceae,Dicksonia sellowiana,0.0,20.05,1.8
192,FOM,S,84,1,Dicksoniaceae,Dicksonia sellowiana,0.0,19.42,2.0
192,FOM,N,84,1,Dicksoniaceae,Dicksonia sellowiana,0.0,18.14,1.8
192,FOM,S,84,2,Dicksoniaceae,Dicksonia sellowiana,0.0,22.60,2.0
192,FOM,N,85,1,Lauraceae,Aiouea amoena,466.2,13.69,5.0
192,FOM,S,85,1,Dicksoniaceae,Dicksonia sellowiana,0.0,33.74,4.0
192,FOM,N,85,2,Lauraceae,Aiouea amoena,466.2,21.65,5.0
192,FOM,N,86,1,Dicksoniaceae,Dicksonia sellowiana,0.0,21.96,2.0
192,FOM,S,86,1,Dicksoniaceae,Dicksonia sellowiana,0.0,36.29,2.0
192,FOM,S,87,1,Dicksoniaceae,Dicksonia sellowiana,0.0,31.19,3.0
192,FOM,N,87,1,Dicksoniaceae,Dicksonia sellowiana,0.0,27.06,4.0
192,FOM,S,88,1,Winteraceae,Drimys angustifolia,377.1,15.60,4.0
192,FOM,N,88,1,Winteraceae,Drimys angustifolia,377.1,20.37,5.0
192,FOM,N,89,1,Dicksoniaceae,Dicksonia sellowiana,0.0,24.19,3.0
192,FOM,S,89,1,Clethraceae,Clethra uleana,375.8,16.23,6.0
192,FOM,N,90,1,Dicksoniaceae,Dicksonia sellowiana,0.0,26.74,4.0
192,FOM,S,90,1,morta,morta,0.0,27.37,2.0
192,FOM,N,91,1,Dicksoniaceae,Dicksonia sellowiana,0.0,19.74,2.0
192,FOM,S,91,1,Dicksoniaceae,Dicksonia sellowiana,0.0,29.92,3.0
192,FOM,S,92,1,Dicksoniaceae,Dicksonia sellowiana,0.0,20.37,3.0
192,FOM,N,92,1,Dicksoniaceae,Dicksonia sellowiana,0.0,14.96,3.0
192,FOM,N,93,1,Dicksoniaceae,Dicksonia sellowiana,0.0,21.65,2.0
192,FOM,S,93,1,Dicksoniaceae,Dicksonia sellowiana,0.0,26.42,2.0
192,FOM,N,94,1,Dicksoniaceae,Dicksonia sellowiana,0.0,19.74,4.0
192,FOM,S,94,1,Dicksoniaceae,Dicksonia sellowiana,0.0,23.24,3.0
192,FOM,S,95,1,Dicksoniaceae,Dicksonia sellowiana,0.0,23.87,2.0
192,FOM,N,95,1,Dicksoniaceae,Dicksonia sellowiana,0.0,20.05,1.5
192,FOM,N,96,1,Dicksoniaceae,Dicksonia sellowiana,0.0,20.05,3.0
192,FOM,S,96,1,Dicksoniaceae,Dicksonia sellowiana,0.0,24.19,2.0
192,FOM,N,97,1,Dicksoniaceae,Dicksonia sellowiana,0.0,19.42,2.0
192,FOM,S,97,1,Dicksoniaceae,Dicksonia sellowiana,0.0,23.24,1.6
192,FOM,S,98,1,Dicksoniaceae,Dicksonia sellowiana,0.0,31.51,2.0
192,FOM,N,98,1,Dicksoniaceae,Dicksonia sellowiana,0.0,21.33,2.0
192,FOM,N,99,1,Dicksoniaceae,Dicksonia sellowiana,0.0,24.19,2.0
192,FOM,S,99,1,Dicksoniaceae,Dicksonia sellowiana,0.0,23.24,2.5
192,FOM,N,100,1,Dicksoniaceae,Dicksonia sellowiana,0.0,23.87,2.0
192,FOM,S,100,1,Dicksoniaceae,Dicksonia sellowiana,0.0,29.60,4.0
192,FOM,S,101,1,Dicksoniaceae,Dicksonia sellowiana,0.0,20.05,4.0
192,FOM,N,101,1,Dicksoniaceae,Dicksonia sellowiana,0.0,19.42,1.5
192,FOM,N,102,1,Clethraceae,Clethra uleana,375.8,14.01,4.0
192,FOM,S,102,1,Dicksoniaceae,Dicksonia sellowiana,0.0,29.60,4.0
192,FOM,N,103,1,Clethraceae,Clethra uleana,375.8,17.19,4.0
192,FOM,S,103,1,Dicksoniaceae,Dicksonia sellowiana,0.0,20.69,3.0
192,FOM,S,104,1,Dicksoniaceae,Dicksonia sellowiana,0.0,23.24,4.0
192,FOM,N,104,1,Dicksoniaceae,Dicksonia sellowiana,0.0,21.65,2.0
192,FOM,S,105,1,Dicksoniaceae,Dicksonia sellowiana,0.0,21.65,4.0
192,FOM,N,105,1,Dicksoniaceae,Dicksonia sellowiana,0.0,21.65,2.0
192,FOM,S,106,1,Cunoniaceae,Weinmannia humilis,474.1,13.69,4.0
192,FOM,N,106,1,Dicksoniaceae,Dicksonia sellowiana,0.0,20.05,1.8
192,FOM,N,107,1,Dicksoniaceae,Dicksonia sellowiana,0.0,20.69,2.0
192,FOM,S,107,1,Dicksoniaceae,Dicksonia sellowiana,0.0,25.78,3.0
192,FOM,S,108,1,Dicksoniaceae,Dicksonia sellowiana,0.0,21.65,3.0
192,FOM,N,108,1,Dicksoniaceae,Dicksonia sellowiana,0.0,18.78,1.5
192,FOM,S,109,1,Araucariaceae,Araucaria angustifolia,480.0,43.29,10.0
192,FOM,N,109,1,Winteraceae,Drimys angustifolia,377.1,11.14,3.0
192,FOM,S,110,1,Dicksoniaceae,Dicksonia sellowiana,0.0,26.42,4.0
192,FOM,N,110,1,Dicksoniaceae,Dicksonia sellowiana,0.0,19.10,1.5
192,FOM,N,111,1,Winteraceae,Drimys angustifolia,377.1,19.10,4.0
192,FOM,S,111,1,Clethraceae,Clethra uleana,375.8,17.83,5.0
192,FOM,N,112,1,Dicksoniaceae,Dicksonia sellowiana,0.0,17.19,1.5
192,FOM,N,113,1,Dicksoniaceae,Dicksonia sellowiana,0.0,18.14,1.5
192,FOM,S,113,1,Dicksoniaceae,Dicksonia sellowiana,0.0,24.19,3.0
192,FOM,S,114,1,Dicksoniaceae,Dicksonia sellowiana,0.0,24.83,3.0
192,FOM,N,114,1,Winteraceae,Drimys angustifolia,377.1,13.69,3.0
192,FOM,N,114,2,Winteraceae,Drimys angustifolia,377.1,14.01,3.0
192,FOM,S,115,1,Dicksoniaceae,Dicksonia sellowiana,0.0,21.33,3.0
192,FOM,N,115,1,Dicksoniaceae,Dicksonia sellowiana,0.0,17.83,3.0
192,FOM,N,116,1,Dicksoniaceae,Dicksonia sellowiana,0.0,16.55,2.0
192,FOM,S,116,1,Dicksoniaceae,Dicksonia sellowiana,0.0,23.55,3.0
192,FOM,S,117,1,Dicksoniaceae,Dicksonia sellowiana,0.0,25.15,4.0
192,FOM,N,117,1,Dicksoniaceae,Dicksonia sellowiana,0.0,18.46,2.0
192,FOM,N,118,1,Dicksoniaceae,Dicksonia sellowiana,0.0,17.19,2.0
192,FOM,N,119,1,Clethraceae,Clethra uleana,375.8,11.46,3.6
192,FOM,N,120,1,Dicksoniaceae,Dicksonia sellowiana,0.0,19.10,2.0
192,FOM,N,121,1,Dicksoniaceae,Dicksonia sellowiana,0.0,20.37,3.0
192,FOM,N,122,1,Dicksoniaceae,Dicksonia sellowiana,0.0,20.69,3.0
192,FOM,N,123,1,Dicksoniaceae,Dicksonia sellowiana,0.0,20.37,4.0
192,FOM,N,124,1,Dicksoniaceae,Dicksonia sellowiana,0.0,21.01,2.0
192,FOM,N,125,1,Dicksoniaceae,Dicksonia sellowiana,0.0,15.28,2.0
192,FOM,N,126,1,Clethraceae,Clethra uleana,375.8,11.14,4.0
192,FOM,N,127,1,Dicksoniaceae,Dicksonia sellowiana,0.0,21.65,5.0
192,FOM,N,128,1,Dicksoniaceae,Dicksonia sellowiana,0.0,22.60,3.0
192,FOM,N,129,1,Primulaceae,Myrsine coriacea,513.6,30.56,6.0
192,FOM,N,130,1,Dicksoniaceae,Dicksonia sellowiana,0.0,22.60,2.0
192,FOM,N,131,1,Dicksoniaceae,Dicksonia sellowiana,0.0,25.15,3.0
192,FOM,N,132,1,Dicksoniaceae,Dicksonia sellowiana,0.0,24.19,2.0
192,FOM,N,133,1,Cardiopteridaceae,Citronella paniculata,704.5,10.19,6.0
192,FOM,N,134,1,Dicksoniaceae,Dicksonia sellowiana,0.0,20.05,1.5
192,FOM,N,135,1,Dicksoniaceae,Dicksonia sellowiana,0.0,21.01,2.0
192,FOM,N,136,1,Dicksoniaceae,Dicksonia sellowiana,0.0,26.42,4.0
192,FOM,N,137,1,Dicksoniaceae,Dicksonia sellowiana,0.0,20.37,2.0
192,FOM,N,138,1,Dicksoniaceae,Dicksonia sellowiana,0.0,20.37,1.5
192,FOM,N,139,1,Lauraceae,Aiouea amoena,466.2,11.78,4.0
192,FOM,N,139,2,Lauraceae,Aiouea amoena,466.2,14.32,4.0
192,FOM,N,140,1,Primulaceae,Myrsine coriacea,513.6,19.10,5.0
192,FOM,N,141,1,Dicksoniaceae,Dicksonia sellowiana,0.0,22.28,4.0
192,FOM,N,142,1,Dicksoniaceae,Dicksonia sellowiana,0.0,20.05,1.5
192,FOM,N,143,1,Clethraceae,Clethra uleana,375.8,14.96,9.0
192,FOM,N,144,1,Dicksoniaceae,Dicksonia sellowiana,0.0,25.15,3.0
192,FOM,N,145,1,Primulaceae,Myrsine coriacea,513.6,27.69,5.0
192,FOM,N,146,1,Dicksoniaceae,Dicksonia sellowiana,0.0,17.19,2.0
192,FOM,N,147,1,Dicksoniaceae,Dicksonia sellowiana,0.0,20.05,2.0
192,FOM,N,148,1,Winteraceae,Drimys angustifolia,377.1,21.33,5.0
192,FOM,N,149,1,Dicksoniaceae,Dicksonia sellowiana,0.0,23.24,4.0
192,FOM,N,150,1,Dicksoniaceae,Dicksonia sellowiana,0.0,18.78,1.5
192,FOM,N,150,2,Dicksoniaceae,Dicksonia sellowiana,0.0,17.83,1.6
192,FOM,N,151,1,Dicksoniaceae,Dicksonia sellowiana,0.0,17.51,2.0
192,FOM,N,152,1,Dicksoniaceae,Dicksonia sellowiana,0.0,17.19,2.0
192,FOM,N,153,1,Dicksoniaceae,Dicksonia sellowiana,0.0,30.24,4.0
192,FOM,N,154,1,Dicksoniaceae,Dicksonia sellowiana,0.0,23.24,2.0
192,FOM,N,155,1,Dicksoniaceae,Dicksonia sellowiana,0.0,26.42,2.0
192,FOM,N,156,1,Dicksoniaceae,Dicksonia sellowiana,0.0,23.24,1.5
192,FOM,N,157,1,Dicksoniaceae,Dicksonia sellowiana,0.0,30.56,4.0
192,FOM,N,158,1,Dicksoniaceae,Dicksonia sellowiana,0.0,17.19,1.5
192,FOM,N,159,1,Clethraceae,Clethra uleana,375.8,12.73,4.0
192,FOM,N,160,1,Dicksoniaceae,Dicksonia sellowiana,0.0,22.92,2.0
192,FOM,N,161,1,Dicksoniaceae,Dicksonia sellowiana,0.0,19.42,1.7
192,FOM,N,162,1,Cunoniaceae,Weinmannia humilis,474.1,12.10,5.0
192,FOM,N,163,1,Dicksoniaceae,Dicksonia sellowiana,0.0,20.05,3.0
192,FOM,N,164,1,Clethraceae,Clethra uleana,375.8,22.60,7.0
192,FOM,N,165,1,Dicksoniaceae,Dicksonia sellowiana,0.0,23.55,4.0
192,FOM,N,166,1,Dicksoniaceae,Dicksonia sellowiana,0.0,25.78,2.0
192,FOM,N,167,1,Clethraceae,Clethra uleana,375.8,15.60,5.0
192,FOM,N,168,1,Dicksoniaceae,Dicksonia sellowiana,0.0,26.10,3.0
192,FOM,N,169,1,morta,morta,0.0,22.60,3.0
192,FOM,N,170,1,Dicksoniaceae,Dicksonia sellowiana,0.0,18.46,2.0
192,FOM,N,171,1,Winteraceae,Drimys angustifolia,377.1,18.14,7.0
192,FOM,N,172,1,Dicksoniaceae,Dicksonia sellowiana,0.0,33.74,4.0
192,FOM,N,173,1,Dicksoniaceae,Dicksonia sellowiana,0.0,24.19,4.0
192,FOM,N,174,1,Winteraceae,Drimys angustifolia,377.1,24.19,4.0
192,FOM,N,175,1,Dicksoniaceae,Dicksonia sellowiana,0.0,20.69,2.0
192,FOM,N,176,1,Dicksoniaceae,Dicksonia sellowiana,0.0,26.42,5.0
192,FOM,N,177,1,Dicksoniaceae,Dicksonia sellowiana,0.0,18.14,3.0
192,FOM,N,178,1,Clethraceae,Clethra uleana,375.8,18.78,6.0
192,FOM,N,179,1,Dicksoniaceae,Dicksonia sellowiana,0.0,20.69,1.5
192,FOM,N,180,1,Dicksoniaceae,Dicksonia sellowiana,0.0,20.69,3.0
192,FOM,N,181,1,Dicksoniaceae,Dicksonia sellowiana,0.0,22.92,4.0
192,FOM,N,182,1,Winteraceae,Drimys angustifolia,377.1,20.05,4.0
192,FOM,N,183,1,Dicksoniaceae,Dicksonia sellowiana,0.0,21.65,2.5
192,FOM,N,184,1,Dicksoniaceae,Dicksonia sellowiana,0.0,19.10,1.5
192,FOM,N,185,1,Dicksoniaceae,Dicksonia sellowiana,0.0,39.79,3.0
192,FOM,N,186,1,Clethraceae,Clethra uleana,375.8,10.82,4.0
192,FOM,N,187,1,morta,morta,0.0,14.64,4.0
192,FOM,N,188,1,Winteraceae,Drimys angustifolia,377.1,20.37,5.0
192,FOM,N,189,1,morta,morta,0.0,10.82,5.0
192,FOM,N,190,1,Winteraceae,Drimys angustifolia,377.1,15.28,7.0
192,FOM,N,191,1,Dicksoniaceae,Dicksonia sellowiana,0.0,24.83,3.0
192,FOM,N,192,1,Winteraceae,Drimys angustifolia,377.1,36.61,5.0
192,FOM,N,193,1,Dicksoniaceae,Dicksonia sellowiana,0.0,19.10,1.5
192,FOM,N,194,1,Dicksoniaceae,Dicksonia sellowiana,0.0,22.92,1.5
192,FOM,N,195,1,Dicksoniaceae,Dicksonia sellowiana,0.0,23.87,1.5
192,FOM,N,196,1,Dicksoniaceae,Dicksonia sellowiana,0.0,25.15,2.0
192,FOM,N,197,1,Dicksoniaceae,Dicksonia sellowiana,0.0,27.06,2.0
192,FOM,N,198,1,Dicksoniaceae,Dicksonia sellowiana,0.0,24.19,1.5
192,FOM,N,199,1,Dicksoniaceae,Dicksonia sellowiana,0.0,22.60,2.0
192,FOM,N,200,1,Dicksoniaceae,Dicksonia sellowiana,0.0,32.79,3.0
192,FOM,L,1,1,Dicksoniaceae,Dicksonia sellowiana,0.0,45.20,2.0
192,FOM,O,1,1,Clethraceae,Clethra uleana,375.8,13.69,3.0
192,FOM,L,2,1,Winteraceae,Drimys angustifolia,377.1,25.15,5.0
192,FOM,O,2,1,Fabaceae,Mimosa scabrella,607.4,21.65,5.0
192,FOM,L,2,2,Winteraceae,Drimys angustifolia,377.1,29.28,5.0
192,FOM,O,3,1,Dicksoniaceae,Dicksonia sellowiana,0.0,28.65,3.0
192,FOM,L,3,1,morta,morta,0.0,29.60,2.0
192,FOM,O,4,1,Dicksoniaceae,Dicksonia sellowiana,0.0,25.46,2.0
192,FOM,L,4,1,Winteraceae,Drimys angustifolia,377.1,21.65,6.0
192,FOM,L,5,1,Winteraceae,Drimys angustifolia,377.1,20.69,6.0
192,FOM,O,5,1,Winteraceae,Drimys angustifolia,377.1,21.01,6.0
192,FOM,L,6,1,Winteraceae,Drimys angustifolia,377.1,14.01,6.0
192,FOM,O,6,1,Dicksoniaceae,Dicksonia sellowiana,0.0,26.10,2.0
192,FOM,O,7,1,Dicksoniaceae,Dicksonia sellowiana,0.0,33.10,3.0
192,FOM,L,7,1,Winteraceae,Drimys angustifolia,377.1,17.83,6.0
192,FOM,L,8,1,Winteraceae,Drimys angustifolia,377.1,21.96,5.0
192,FOM,O,8,1,Dicksoniaceae,Dicksonia sellowiana,0.0,22.60,2.0
192,FOM,L,8,2,Winteraceae,Drimys angustifolia,377.1,24.19,5.0
192,FOM,L,9,1,Winteraceae,Drimys angustifolia,377.1,14.01,7.0
192,FOM,O,9,1,Dicksoniaceae,Dicksonia sellowiana,0.0,24.83,3.0
192,FOM,O,10,1,Dicksoniaceae,Dicksonia sellowiana,0.0,36.29,3.0
192,FOM,L,10,1,Dicksoniaceae,Dicksonia sellowiana,0.0,20.05,2.0
192,FOM,L,11,1,Winteraceae,Drimys angustifolia,377.1,21.33,5.0
192,FOM,O,11,1,Winteraceae,Drimys angustifolia,377.1,26.42,7.0
192,FOM,L,12,1,Winteraceae,Drimys angustifolia,377.1,17.83,6.0
192,FOM,O,12,1,Dicksoniaceae,Dicksonia sellowiana,0.0,29.28,3.0
192,FOM,L,13,1,Clethraceae,Clethra uleana,375.8,13.05,7.0
192,FOM,O,13,1,Dicksoniaceae,Dicksonia sellowiana,0.0,16.23,1.5
192,FOM,O,14,1,Dicksoniaceae,Dicksonia sellowiana,0.0,25.15,3.0
192,FOM,L,14,1,Dicksoniaceae,Dicksonia sellowiana,0.0,16.55,3.0
192,FOM,O,14,2,Dicksoniaceae,Dicksonia sellowiana,0.0,24.83,3.0
192,FOM,L,15,1,Winteraceae,Drimys angustifolia,377.1,22.60,4.0
192,FOM,O,15,1,Dicksoniaceae,Dicksonia sellowiana,0.0,31.19,5.0
192,FOM,O,16,1,Dicksoniaceae,Dicksonia sellowiana,0.0,29.60,4.0
192,FOM,L,16,1,Winteraceae,Drimys angustifolia,377.1,20.69,5.0
192,FOM,O,17,1,Dicksoniaceae,Dicksonia sellowiana,0.0,22.28,3.0
192,FOM,L,17,1,Winteraceae,Drimys angustifolia,377.1,21.65,5.0
192,FOM,L,18,1,Dicksoniaceae,Dicksonia sellowiana,0.0,24.19,1.5
192,FOM,O,18,1,Dicksoniaceae,Dicksonia sellowiana,0.0,19.10,3.0
192,FOM,L,19,1,Clethraceae,Clethra uleana,375.8,10.50,5.0
192,FOM,O,19,1,Dicksoniaceae,Dicksonia sellowiana,0.0,22.92,2.0
192,FOM,O,20,1,Winteraceae,Drimys angustifolia,377.1,31.19,6.0
192,FOM,L,20,1,Clethraceae,Clethra uleana,375.8,17.19,6.0
192,FOM,O,21,1,Dicksoniaceae,Dicksonia sellowiana,0.0,26.10,6.0
192,FOM,L,21,1,Araucariaceae,Araucaria angustifolia,480.0,45.52,28.0
192,FOM,L,22,1,Winteraceae,Drimys angustifolia,377.1,19.74,5.0
192,FOM,O,22,1,Dicksoniaceae,Dicksonia sellowiana,0.0,20.37,2.0
192,FOM,O,23,1,Dicksoniaceae,Dicksonia sellowiana,0.0,26.74,3.0
192,FOM,L,23,1,Winteraceae,Drimys angustifolia,377.1,16.55,5.0
192,FOM,O,24,1,Lauraceae,Aiouea amoena,466.2,28.65,10.0
192,FOM,L,24,1,Winteraceae,Drimys angustifolia,377.1,19.74,5.0
192,FOM,L,25,1,Winteraceae,Drimys angustifolia,377.1,22.28,5.0
192,FOM,O,25,1,Dicksoniaceae,Dicksonia sellowiana,0.0,16.55,1.5
192,FOM,L,25,2,Winteraceae,Drimys angustifolia,377.1,17.83,5.0
192,FOM,O,26,1,Dicksoniaceae,Dicksonia sellowiana,0.0,25.78,4.0
192,FOM,L,26,1,Winteraceae,Drimys angustifolia,377.1,16.87,7.0
192,FOM,L,27,1,Dicksoniaceae,Dicksonia sellowiana,0.0,24.19,2.0
192,FOM,O,27,1,Araucariaceae,Araucaria angustifolia,480.0,17.83,5.0
192,FOM,L,28,1,Winteraceae,Drimys angustifolia,377.1,25.78,5.0
192,FOM,O,28,1,Dicksoniaceae,Dicksonia sellowiana,0.0,24.83,2.5
192,FOM,L,29,1,Winteraceae,Drimys angustifolia,377.1,27.37,5.0
192,FOM,O,29,1,Dicksoniaceae,Dicksonia sellowiana,0.0,23.87,2.0
192,FOM,O,30,1,Araucariaceae,Araucaria angustifolia,480.0,13.05,3.0
192,FOM,L,30,1,Winteraceae,Drimys angustifolia,377.1,15.60,7.0
192,FOM,O,31,1,Dicksoniaceae,Dicksonia sellowiana,0.0,25.15,2.0
192,FOM,L,31,1,Winteraceae,Drimys angustifolia,377.1,12.10,4.0
192,FOM,O,32,1,Dicksoniaceae,Dicksonia sellowiana,0.0,26.42,3.0
192,FOM,L,32,1,Winteraceae,Drimys angustifolia,377.1,17.83,7.0
192,FOM,O,33,1,Dicksoniaceae,Dicksonia sellowiana,0.0,22.92,3.0
192,FOM,L,33,1,Winteraceae,Drimys angustifolia,377.1,14.01,5.0
192,FOM,L,33,2,Winteraceae,Drimys angustifolia,377.1,18.46,5.0
192,FOM,O,34,1,Dicksoniaceae,Dicksonia sellowiana,0.0,30.56,3.0
192,FOM,L,34,1,Dicksoniaceae,Dicksonia sellowiana,0.0,21.01,2.0
192,FOM,L,35,1,Winteraceae,Drimys angustifolia,377.1,14.64,5.0
192,FOM,O,35,1,Winteraceae,Drimys angustifolia,377.1,23.24,5.0
192,FOM,O,35,2,Winteraceae,Drimys angustifolia,377.1,26.10,5.0
192,FOM,L,36,1,Dicksoniaceae,Dicksonia sellowiana,0.0,20.37,3.0
192,FOM,O,37,1,Dicksoniaceae,Dicksonia sellowiana,0.0,21.01,2.0
192,FOM,L,37,1,Winteraceae,Drimys angustifolia,377.1,13.05,6.0
192,FOM,O,38,1,Dicksoniaceae,Dicksonia sellowiana,0.0,26.10,4.0
192,FOM,L,38,1,Winteraceae,Drimys angustifolia,377.1,17.19,8.0
192,FOM,O,39,1,Primulaceae,Myrsine coriacea,513.6,29.92,12.0
192,FOM,L,39,1,Dicksoniaceae,Dicksonia sellowiana,0.0,22.60,2.0
192,FOM,O,40,1,Dicksoniaceae,Dicksonia sellowiana,0.0,29.92,3.0
192,FOM,L,40,1,Dicksoniaceae,Dicksonia sellowiana,0.0,20.69,2.0
192,FOM,L,41,1,Dicksoniaceae,Dicksonia sellowiana,0.0,26.42,2.0
192,FOM,O,41,1,Dicksoniaceae,Dicksonia sellowiana,0.0,23.55,2.0
192,FOM,L,42,1,Dicksoniaceae,Dicksonia sellowiana,0.0,24.83,2.0
192,FOM,O,42,1,Dicksoniaceae,Dicksonia sellowiana,0.0,30.56,4.0
192,FOM,O,43,1,Dicksoniaceae,Dicksonia sellowiana,0.0,22.60,4.0
192,FOM,L,43,1,Dicksoniaceae,Dicksonia sellowiana,0.0,20.37,2.0
192,FOM,L,44,1,Dicksoniaceae,Dicksonia sellowiana,0.0,19.74,2.0
192,FOM,O,44,1,Dicksoniaceae,Dicksonia sellowiana,0.0,29.92,2.0
192,FOM,O,45,1,Clethraceae,Clethra uleana,375.8,15.92,6.0
192,FOM,L,45,1,Dicksoniaceae,Dicksonia sellowiana,0.0,28.33,5.0
192,FOM,O,46,1,Winteraceae,Drimys angustifolia,377.1,30.88,8.0
192,FOM,L,46,1,Dicksoniaceae,Dicksonia sellowiana,0.0,20.69,3.0
192,FOM,L,47,1,Dicksoniaceae,Dicksonia sellowiana,0.0,28.97,3.0
192,FOM,O,47,1,Dicksoniaceae,Dicksonia sellowiana,0.0,24.51,2.0
192,FOM,L,48,1,Primulaceae,Myrsine coriacea,513.6,13.69,5.0
192,FOM,O,48,1,Dicksoniaceae,Dicksonia sellowiana,0.0,21.65,2.0
192,FOM,O,49,1,Cunoniaceae,Weinmannia humilis,474.1,11.14,3.0
192,FOM,L,49,1,Cunoniaceae,Weinmannia humilis,474.1,19.42,5.0
192,FOM,O,50,1,Dicksoniaceae,Dicksonia sellowiana,0.0,23.87,3.0
192,FOM,L,50,1,Dicksoniaceae,Dicksonia sellowiana,0.0,30.56,3.0
192,FOM,O,51,1,Fabaceae,Mimosa scabrella,607.4,12.73,5.0
192,FOM,L,51,1,Dicksoniaceae,Dicksonia sellowiana,0.0,34.70,3.0
192,FOM,L,52,1,Dicksoniaceae,Dicksonia sellowiana,0.0,34.70,3.0
192,FOM,O,52,1,Dicksoniaceae,Dicksonia sellowiana,0.0,30.24,3.0
192,FOM,O,53,1,Dicksoniaceae,Dicksonia sellowiana,0.0,28.01,3.0
192,FOM,L,53,1,Dicksoniaceae,Dicksonia sellowiana,0.0,25.78,2.0
192,FOM,O,54,1,Dicksoniaceae,Dicksonia sellowiana,0.0,24.51,2.0
192,FOM,L,54,1,Dicksoniaceae,Dicksonia sellowiana,0.0,21.01,3.0
192,FOM,L,55,1,Solanaceae,Solanum compressum,431.9,21.96,5.0
192,FOM,O,55,1,Dicksoniaceae,Dicksonia sellowiana,0.0,30.56,3.0
192,FOM,O,56,1,Dicksoniaceae,Dicksonia sellowiana,0.0,31.19,3.0
192,FOM,L,56,1,Solanaceae,Solanum compressum,431.9,13.05,7.0
192,FOM,L,57,1,Dicksoniaceae,Dicksonia sellowiana,0.0,28.65,3.0
192,FOM,O,57,1,Dicksoniaceae,Dicksonia sellowiana,0.0,30.24,2.0
192,FOM,O,57,2,Dicksoniaceae,Dicksonia sellowiana,0.0,29.28,3.0
192,FOM,L,58,1,morta,morta,0.0,16.55,4.0
192,FOM,O,59,1,Clethraceae,Clethra uleana,375.8,16.87,6.0
192,FOM,L,59,1,Dicksoniaceae,Dicksonia sellowiana,0.0,44.25,5.0
192,FOM,L,60,1,Dicksoniaceae,Dicksonia sellowiana,0.0,28.65,2.0
192,FOM,O,60,1,Winteraceae,Drimys angustifolia,377.1,37.88,4.0
192,FOM,O,61,1,Dicksoniaceae,Dicksonia sellowiana,0.0,22.28,1.5
192,FOM,L,61,1,Dicksoniaceae,Dicksonia sellowiana,0.0,33.10,4.0
192,FOM,O,62,1,Cunoniaceae,Weinmannia humilis,474.1,21.65,3.0
192,FOM,L,62,1,Dicksoniaceae,Dicksonia sellowiana,0.0,35.01,3.0
192,FOM,L,63,1,Dicksoniaceae,Dicksonia sellowiana,0.0,30.24,3.0
192,FOM,O,63,1,Dicksoniaceae,Dicksonia sellowiana,0.0,12.10,5.0
192,FOM,L,64,1,Solanaceae,Solanum compressum,431.9,10.19,4.0
192,FOM,O,64,1,Dicksoniaceae,Dicksonia sellowiana,0.0,28.01,4.0
192,FOM,O,65,1,Dicksoniaceae,Dicksonia sellowiana,0.0,28.97,3.0
192,FOM,L,65,1,morta,morta,0.0,19.74,5.0
192,FOM,L,66,1,Myrtaceae,Myrceugenia myrcioides,505.1,32.47,5.0
192,FOM,O,66,1,Dicksoniaceae,Dicksonia sellowiana,0.0,35.65,3.0
192,FOM,O,66,2,Dicksoniaceae,Dicksonia sellowiana,0.0,26.42,3.0
192,FOM,O,67,1,Dicksoniaceae,Dicksonia sellowiana,0.0,25.78,3.0
192,FOM,L,67,1,Dicksoniaceae,Dicksonia sellowiana,0.0,49.34,2.0
192,FOM,L,68,1,Dicksoniaceae,Dicksonia sellowiana,0.0,30.56,2.0
192,FOM,O,68,1,Dicksoniaceae,Dicksonia sellowiana,0.0,37.56,3.0
192,FOM,L,69,1,Rosaceae,Prunus myrtifolia,619.1,12.41,5.0
192,FOM,O,69,1,Dicksoniaceae,Dicksonia sellowiana,0.0,28.01,3.0
192,FOM,O,69,2,Dicksoniaceae,Dicksonia sellowiana,0.0,30.24,3.0
192,FOM,L,70,1,Myrtaceae,Myrceugenia oxysepala,468.2,11.14,4.0
192,FOM,O,70,1,Dicksoniaceae,Dicksonia sellowiana,0.0,35.97,3.0
192,FOM,L,71,1,Cardiopteridaceae,Citronella paniculata,704.5,31.19,5.0
192,FOM,O,71,1,Dicksoniaceae,Dicksonia sellowiana,0.0,27.06,2.0
192,FOM,O,72,1,Dicksoniaceae,Dicksonia sellowiana,0.0,25.15,3.0
192,FOM,L,72,1,Dicksoniaceae,Dicksonia sellowiana,0.0,37.56,4.0
192,FOM,O,73,1,Dicksoniaceae,Dicksonia sellowiana,0.0,26.10,3.0
192,FOM,L,73,1,Dicksoniaceae,Dicksonia sellowiana,0.0,36.29,4.0
192,FOM,L,74,1,Winteraceae,Drimys angustifolia,377.1,11.46,3.0
192,FOM,O,74,1,Dicksoniaceae,Dicksonia sellowiana,0.0,50.29,5.0
192,FOM,L,75,1,Dicksoniaceae,Dicksonia sellowiana,0.0,32.47,4.0
192,FOM,O,75,1,Clethraceae,Clethra uleana,375.8,18.78,5.0
192,FOM,L,76,1,Dicksoniaceae,Dicksonia sellowiana,0.0,42.97,5.0
192,FOM,O,76,1,Clethraceae,Clethra uleana,375.8,11.46,5.0
192,FOM,L,76,2,Dicksoniaceae,Dicksonia sellowiana,0.0,38.20,5.0
192,FOM,O,77,1,Dicksoniaceae,Dicksonia sellowiana,0.0,13.37,1.5
192,FOM,L,78,1,Dicksoniaceae,Dicksonia sellowiana,0.0,22.28,3.0
192,FOM,O,78,1,Dicksoniaceae,Dicksonia sellowiana,0.0,26.42,3.0
192,FOM,L,79,1,Winteraceae,Drimys angustifolia,377.1,22.92,5.0
192,FOM,O,79,1,morta,morta,0.0,23.55,4.0
192,FOM,O,80,1,Dicksoniaceae,Dicksonia sellowiana,0.0,28.01,5.0
192,FOM,L,80,1,Dicksoniaceae,Dicksonia sellowiana,0.0,22.92,3.0
192,FOM,L,81,1,Primulaceae,Myrsine coriacea,513.6,11.46,4.0
192,FOM,O,81,1,Dicksoniaceae,Dicksonia sellowiana,0.0,22.28,1.5
192,FOM,O,82,1,Dicksoniaceae,Dicksonia sellowiana,0.0,27.69,2.0
192,FOM,L,82,1,Winteraceae,Drimys angustifolia,377.1,17.83,2.0
192,FOM,O,83,1,Dicksoniaceae,Dicksonia sellowiana,0.0,31.51,4.0
192,FOM,L,83,1,Dicksoniaceae,Dicksonia sellowiana,0.0,38.52,6.0
192,FOM,O,84,1,Dicksoniaceae,Dicksonia sellowiana,0.0,30.88,3.0
192,FOM,L,84,1,Lauraceae,Aiouea amoena,466.2,13.69,4.0
192,FOM,O,85,1,Dicksoniaceae,Dicksonia sellowiana,0.0,21.01,1.5
192,FOM,L,85,1,Dicksoniaceae,Dicksonia sellowiana,0.0,23.87,3.0
192,FOM,L,86,1,Dicksoniaceae,Dicksonia sellowiana,0.0,22.28,1.4
192,FOM,O,86,1,Asteraceae,Dasyphyllum spinescens,637.0,25.15,5.0
192,FOM,L,87,1,Dicksoniaceae,Dicksonia sellowiana,0.0,28.01,4.0
192,FOM,O,87,1,Dicksoniaceae,Dicksonia sellowiana,0.0,22.28,3.0
192,FOM,O,87,2,Dicksoniaceae,Dicksonia sellowiana,0.0,25.15,5.0
192,FOM,O,88,1,Dicksoniaceae,Dicksonia sellowiana,0.0,37.88,5.0
192,FOM,L,88,1,Araucariaceae,Araucaria angustifolia,480.0,75.12,10.0
192,FOM,L,89,1,Dicksoniaceae,Dicksonia sellowiana,0.0,19.74,1.5
192,FOM,O,89,1,Dicksoniaceae,Dicksonia sellowiana,0.0,26.74,2.0
192,FOM,L,90,1,Dicksoniaceae,Dicksonia sellowiana,0.0,23.55,2.0
192,FOM,O,90,1,Dicksoniaceae,Dicksonia sellowiana,0.0,20.05,3.0
192,FOM,O,90,2,Dicksoniaceae,Dicksonia sellowiana,0.0,19.10,2.0
192,FOM,O,90,3,Dicksoniaceae,Dicksonia sellowiana,0.0,20.37,2.0
192,FOM,L,91,1,Dicksoniaceae,Dicksonia sellowiana,0.0,25.46,2.0
192,FOM,O,91,1,Dicksoniaceae,Dicksonia sellowiana,0.0,45.20,6.0
192,FOM,O,92,1,Dicksoniaceae,Dicksonia sellowiana,0.0,16.55,3.0
192,FOM,L,92,1,Dicksoniaceae,Dicksonia sellowiana,0.0,20.37,3.0
192,FOM,O,93,1,Primulaceae,Myrsine coriacea,513.6,15.60,8.0
192,FOM,L,93,1,Dicksoniaceae,Dicksonia sellowiana,0.0,19.74,3.0
192,FOM,L,94,1,Dicksoniaceae,Dicksonia sellowiana,0.0,22.92,3.0
192,FOM,O,94,1,Lauraceae,Ocotea pulchella,536.9,36.92,4.0
192,FOM,L,95,1,Dicksoniaceae,Dicksonia sellowiana,0.0,25.78,5.0
192,FOM,O,95,1,Dicksoniaceae,Dicksonia sellowiana,0.0,41.38,3.0
192,FOM,L,96,1,Dicksoniaceae,Dicksonia sellowiana,0.0,17.83,1.3
192,FOM,O,96,1,Dicksoniaceae,Dicksonia sellowiana,0.0,24.19,1.5
192,FOM,O,97,1,Dicksoniaceae,Dicksonia sellowiana,0.0,33.74,3.0
192,FOM,L,97,1,Myrtaceae,Myrceugenia myrcioides,505.1,15.28,5.0
192,FOM,L,98,1,Dicksoniaceae,Dicksonia sellowiana,0.0,17.83,2.0
192,FOM,O,98,1,Dicksoniaceae,Dicksonia sellowiana,0.0,28.97,4.0
192,FOM,L,99,1,Clethraceae,Clethra uleana,375.8,15.60,7.0
192,FOM,O,99,1,Dicksoniaceae,Dicksonia sellowiana,0.0,21.96,1.5
192,FOM,O,100,1,Dicksoniaceae,Dicksonia sellowiana,0.0,42.02,3.0
192,FOM,L,100,1,Lauraceae,Aiouea amoena,466.2,14.01,8.0
192,FOM,L,101,1,Dicksoniaceae,Dicksonia sellowiana,0.0,31.83,5.0
192,FOM,O,101,1,Dicksoniaceae,Dicksonia sellowiana,0.0,35.65,3.0
192,FOM,L,102,1,Dicksoniaceae,Dicksonia sellowiana,0.0,27.69,2.0
192,FOM,O,102,1,Celastraceae,Maytenus boaria,575.9,14.64,4.0
192,FOM,L,103,1,Dicksoniaceae,Dicksonia sellowiana,0.0,27.69,2.0
192,FOM,O,103,1,Dicksoniaceae,Dicksonia sellowiana,0.0,24.51,1.5
192,FOM,O,104,1,Winteraceae,Drimys angustifolia,377.1,21.65,4.0
192,FOM,L,104,1,Winteraceae,Drimys angustifolia,377.1,24.51,8.0
192,FOM,L,105,1,Primulaceae,Myrsine coriacea,513.6,10.19,4.0
192,FOM,O,105,1,Clethraceae,Clethra uleana,375.8,20.05,3.0
192,FOM,O,106,1,Dicksoniaceae,Dicksonia sellowiana,0.0,22.28,3.0
192,FOM,L,106,1,Clethraceae,Clethra uleana,375.8,13.69,5.0
192,FOM,L,106,2,Clethraceae,Clethra uleana,375.8,19.74,5.0
192,FOM,L,106,3,Clethraceae,Clethra uleana,375.8,19.42,5.0
192,FOM,L,107,1,Dicksoniaceae,Dicksonia sellowiana,0.0,30.24,3.0
192,FOM,O,107,1,Dicksoniaceae,Dicksonia sellowiana,0.0,30.24,2.0
192,FOM,O,108,1,Winteraceae,Drimys angustifolia,377.1,23.24,6.0
192,FOM,L,108,1,Dicksoniaceae,Dicksonia sellowiana,0.0,28.65,3.0
192,FOM,L,109,1,Dicksoniaceae,Dicksonia sellowiana,0.0,34.06,3.0
192,FOM,O,109,1,Fabaceae,Mimosa scabrella,607.4,22.92,9.0
192,FOM,L,110,1,Dicksoniaceae,Dicksonia sellowiana,0.0,21.65,3.0
192,FOM,O,110,1,Dicksoniaceae,Dicksonia sellowiana,0.0,24.51,2.0
192,FOM,O,111,1,Dicksoniaceae,Dicksonia sellowiana,0.0,23.87,3.0
192,FOM,L,111,1,Dicksoniaceae,Dicksonia sellowiana,0.0,34.70,4.0
192,FOM,O,112,1,Lauraceae,Persea willdenovii,465.1,16.55,7.0
192,FOM,L,112,1,Dicksoniaceae,Dicksonia sellowiana,0.0,22.60,3.0
192,FOM,O,112,2,Lauraceae,Persea willdenovii,465.1,14.64,5.0
192,FOM,O,113,1,Dicksoniaceae,Dicksonia sellowiana,0.0,19.10,1.5
192,FOM,L,113,1,Winteraceae,Drimys angustifolia,377.1,10.50,4.0
192,FOM,L,114,1,Dicksoniaceae,Dicksonia sellowiana,0.0,19.42,1.5
192,FOM,O,114,1,Fabaceae,Mimosa scabrella,607.4,25.46,8.0
192,FOM,L,115,1,Winteraceae,Drimys angustifolia,377.1,16.55,3.0
192,FOM,O,115,1,Fabaceae,Mimosa scabrella,607.4,18.46,6.0
192,FOM,L,116,1,Winteraceae,Drimys angustifolia,377.1,16.55,3.0
192,FOM,O,116,1,Winteraceae,Drimys angustifolia,377.1,14.32,4.0
192,FOM,L,117,1,Dicksoniaceae,Dicksonia sellowiana,0.0,21.33,2.0
192,FOM,O,117,1,morta,morta,0.0,15.92,4.0
192,FOM,O,118,1,Dicksoniaceae,Dicksonia sellowiana,0.0,17.51,1.3
192,FOM,L,118,1,Winteraceae,Drimys angustifolia,377.1,14.01,4.0
192,FOM,O,119,1,Dicksoniaceae,Dicksonia sellowiana,0.0,42.34,3.0
192,FOM,O,120,1,Dicksoniaceae,Dicksonia sellowiana,0.0,34.38,3.0
192,FOM,O,121,1,Dicksoniaceae,Dicksonia sellowiana,0.0,34.38,3.0
192,FOM,O,122,1,Symplocaceae,Symplocos tetrandra,369.7,10.82,4.0
192,FOM,O,122,2,Symplocaceae,Symplocos tetrandra,369.7,11.46,4.0
192,FOM,O,123,1,Dicksoniaceae,Dicksonia sellowiana,0.0,24.19,2.5
192,FOM,O,124,1,Dicksoniaceae,Dicksonia sellowiana,0.0,45.84,4.0
192,FOM,O,125,1,Dicksoniaceae,Dicksonia sellowiana,0.0,21.01,3.0
192,FOM,O,126,1,Dicksoniaceae,Dicksonia sellowiana,0.0,22.28,3.0
192,FOM,O,127,1,Dicksoniaceae,Dicksonia sellowiana,0.0,24.19,3.0
192,FOM,O,128,1,Dicksoniaceae,Dicksonia sellowiana,0.0,28.01,3.0
192,FOM,O,129,1,Dicksoniaceae,Dicksonia sellowiana,0.0,19.42,2.0
192,FOM,O,130,1,Fabaceae,Mimosa scabrella,607.4,37.24,6.0
192,FOM,O,131,1,Dicksoniaceae,Dicksonia sellowiana,0.0,25.78,2.0
192,FOM,O,132,1,Dicksoniaceae,Dicksonia sellowiana,0.0,28.65,1.5
192,FOM,O,133,1,Dicksoniaceae,Dicksonia sellowiana,0.0,26.10,2.0
192,FOM,O,134,1,Dicksoniaceae,Dicksonia sellowiana,0.0,41.70,3.0
192,FOM,O,135,1,Dicksoniaceae,Dicksonia sellowiana,0.0,28.33,3.0
192,FOM,O,136,1,Dicksoniaceae,Dicksonia sellowiana,0.0,25.78,3.0
192,FOM,O,137,1,Dicksoniaceae,Dicksonia sellowiana,0.0,26.42,3.0
192,FOM,O,138,1,Dicksoniaceae,Dicksonia sellowiana,0.0,21.96,2.0
192,FOM,O,139,1,Clethraceae,Clethra uleana,375.8,12.41,3.0
192,FOM,O,140,1,Dicksoniaceae,Dicksonia sellowiana,0.0,33.74,4.0
192,FOM,O,141,1,Dicksoniaceae,Dicksonia sellowiana,0.0,26.10,3.0
192,FOM,O,142,1,Dicksoniaceae,Dicksonia sellowiana,0.0,28.33,3.0
192,FOM,O,143,1,Dicksoniaceae,Dicksonia sellowiana,0.0,21.01,2.0
192,FOM,O,144,1,Dicksoniaceae,Dicksonia sellowiana,0.0,22.92,1.5
192,FOM,O,145,1,Dicksoniaceae,Dicksonia sellowiana,0.0,28.33,3.0
192,FOM,O,146,1,Araucariaceae,Araucaria angustifolia,480.0,107.91,27.0
